Palette Size (expressed as 2^n),Time Taken 1,Time Taken 2,Time Taken 3,Time Taken 4,Time Taken 5,Time Taken 6,Time Taken 7,Mean SSIM Index
1,0.3225839138031006,0.32405710220336914,0.3293571472167969,0.32392287254333496,0.3162999153137207,0.3243682384490967,0.3173398971557617,0.6061340841044033
2,0.3418409824371338,0.3416283130645752,0.33877015113830566,0.3404369354248047,0.3402857780456543,0.3382289409637451,0.3410220146179199,0.7563262925744465
3,0.35931396484375,0.37793898582458496,0.3571469783782959,0.3595409393310547,0.3567507266998291,0.3564107418060303,0.35660314559936523,0.8382258560959274
4,0.3721890449523926,0.374481201171875,0.3717339038848877,0.37099194526672363,0.3746199607849121,0.37344813346862793,0.3741118907928467,0.8932082959683668
5,0.390592098236084,0.3905789852142334,0.3899059295654297,0.41781091690063477,0.3948512077331543,0.3919241428375244,0.38947129249572754,0.9152660512425125
6,0.40332818031311035,0.40314292907714844,0.40308117866516113,0.40459108352661133,0.40696287155151367,0.4098811149597168,0.4047257900238037,0.9319451687773407
7,0.42120885848999023,0.4213829040527344,0.4208559989929199,0.41879987716674805,0.41867685317993164,0.42669677734375,0.4237649440765381,0.9627669544118733
8,0.43672800064086914,0.43879008293151855,0.4385499954223633,0.4362022876739502,0.4399900436401367,0.4378931522369385,0.43592119216918945,0.9750382513418181
