Palette Size (expressed as 2^n),Time Taken 1,Time Taken 2,Time Taken 3,Time Taken 4,Time Taken 5,Time Taken 6,Time Taken 7,Mean SSIM Index
1,0.668074369430542,0.6535520553588867,0.6651756763458252,0.6571850776672363,0.6616127490997314,0.6673312187194824,0.6667420864105225,0
2,0.6946029663085938,0.6946868896484375,0.6947441101074219,0.6956579685211182,0.6946251392364502,0.695106029510498,0.7032618522644043,0
3,0.735821008682251,0.7296531200408936,0.7369582653045654,0.7301719188690186,0.7350950241088867,0.7751669883728027,0.8778009414672852,0
4,0.785132884979248,0.7882821559906006,0.794090986251831,0.7835550308227539,0.7603650093078613,0.7751176357269287,0.7724778652191162,0
5,0.825188159942627,0.8255538940429688,0.8074800968170166,0.8061580657958984,0.8127639293670654,0.8115518093109131,0.8073568344116211,0
6,0.8892760276794434,0.9427280426025391,0.8494760990142822,0.8762092590332031,0.8506038188934326,0.8387300968170166,0.8355817794799805,0
7,0.8696577548980713,0.8968610763549805,0.8771131038665771,0.8893609046936035,0.9343869686126709,0.8640491962432861,0.8560082912445068,0
8,0.8819880485534668,0.9701321125030518,0.8868751525878906,0.894866943359375,0.9175379276275635,0.9203362464904785,0.8851170539855957,0
